PCB Quantity,Mouser Component Cost,Mouser Missing Part Numbers
1,29.09,0
10,22.049999999999997,0
100,17.330000000000002,0
1000,12.66,0
