PCB Quantity,Mouser Component Cost,Mouser Missing Part Numbers,Digikey Component Cost,Digikey Missing Part Numbers,Cheapest Vendor Component Cost,Cheapest Vendor Missing Part Numbers
1,27.610000000000007,4,14.059999999999999,18,19.38,4
10,20.67,4,10.9,18,13.78,4
100,16.14,4,8.669999999999998,18,11.03,4
1000,11.819999999999999,4,7.73,18,9.439999999999998,4
